department,department_id,headcount,left_count,avg_tenure,avg_pay,turnover_rate
Production,dept_90a8834d,208,83,13.14763333859843,23.086298076923075,0.39903846153846156
Software Engineering,dept_8c89461a,10,3,12.82546201232033,48.665,0.3
Admin Offices,dept_91003c09,10,2,12.709103353867214,31.896000000000004,0.2
IT/IS,dept_03d02545,50,10,11.023956194387406,45.7896,0.2
Sales,dept_59248c4d,31,4,12.745755227307855,55.524193548387096,0.12903225806451613
Executive Office,dept_73727cc9,1,0,13.314168377823409,80.0,0.0
